Order_ID,Customer_ID,Date,Age,Gender,City,Product_Category,Unit_Price,Quantity,Discount_Amount,Total_Amount,Payment_Method,Device_Type,Session_Duration_Minutes,Pages_Viewed,Is_Returning_Customer,Delivery_Time_Days,Customer_Rating
ORD_000001-1,CUST_00001,29/05/2023,40,Male,Ankara,Books,29.18,1,0,29.18,Digital Wallet,Mobile,14,9,True,13,4
ORD_000001-2,CUST_00001,12/10/2023,40,Male,Ankara,Home & Garden,644.4,1,138.05,506.35,Credit Card,Desktop,14,8,True,6,2
ORD_000001-3,CUST_00001,05/12/2023,40,Male,Ankara,Sports,332.82,5,0,1664.1,Credit Card,Mobile,15,10,True,9,4
ORD_000002-1,CUST_00002,11/05/2023,33,Male,Istanbul,Food,69.3,5,71.05,275.45,Digital Wallet,Desktop,16,13,True,4,4
ORD_000002-2,CUST_00002,16/06/2023,33,Male,Istanbul,Beauty,178.15,3,0,534.45,Credit Card,Mobile,14,7,True,6,4
ORD_000003-1,CUST_00003,27/02/2023,42,Male,Konya,Toys,198.28,2,0,396.56,Credit Card,Tablet,10,9,False,6,2
ORD_000003-2,CUST_00003,03/01/2024,42,Male,Konya,Home & Garden,526.85,5,0,2634.25,Digital Wallet,Desktop,11,8,True,6,5
ORD_000004-1,CUST_00004,13/02/2024,53,Male,Izmir,Fashion,96.2,5,97.78,383.22,Credit Card,Desktop,16,15,False,4,5
ORD_000005-1,CUST_00005,16/03/2023,32,Male,Ankara,Home & Garden,533.67,3,0,1601.01,Bank Transfer,Mobile,12,8,False,5,5
ORD_000005-2,CUST_00005,12/06/2023,32,Male,Ankara,Toys,73.06,4,0,292.24,Credit Card,Mobile,13,12,True,7,2
ORD_000005-3,CUST_00005,21/06/2023,32,Male,Ankara,Fashion,529.48,1,0,529.48,Credit Card,Desktop,13,8,True,5,4
ORD_000006-1,CUST_00006,24/07/2023,32,Female,Istanbul,Beauty,139.07,5,0,695.35,Debit Card,Desktop,17,9,True,10,4
ORD_000006-2,CUST_00006,07/08/2023,32,Female,Istanbul,Beauty,144.63,1,12.77,131.86,Credit Card,Mobile,14,9,True,6,4
ORD_000006-3,CUST_00006,27/08/2023,32,Female,Istanbul,Food,139.54,3,0,418.62,Digital Wallet,Mobile,17,10,True,7,5
ORD_000007-1,CUST_00007,05/01/2024,53,Female,Ankara,Fashion,294.9,5,142.95,1331.55,Cash on Delivery,Mobile,17,9,True,7,4
ORD_000008-1,CUST_00008,14/09/2023,44,Female,Konya,Sports,913.94,1,190.15,723.79,Credit Card,Desktop,14,11,False,4,5
ORD_000008-2,CUST_00008,07/10/2023,44,Female,Konya,Sports,1197.86,4,0,4791.44,Debit Card,Mobile,19,9,True,5,5
ORD_000008-3,CUST_00008,09/10/2023,44,Female,Konya,Toys,87.06,1,0,87.06,Debit Card,Desktop,18,7,True,9,4
ORD_000009-1,CUST_00009,16/02/2024,29,Male,Ankara,Fashion,235.43,2,0,470.86,Debit Card,Desktop,11,11,False,2,3
ORD_000010-1,CUST_00010,15/08/2023,41,Male,Kayseri,Fashion,444.19,1,0,444.19,Credit Card,Mobile,14,11,True,2,2
ORD_000010-2,CUST_00010,17/12/2023,41,Male,Kayseri,Books,109.25,5,0,546.25,Debit Card,Mobile,14,8,True,10,5
ORD_000010-3,CUST_00010,04/03/2024,41,Male,Kayseri,Beauty,107.68,4,0,430.72,Credit Card,Desktop,15,8,True,2,5
ORD_000011-1,CUST_00011,08/04/2023,29,Male,Kayseri,Beauty,212.45,4,0,849.8,Credit Card,Mobile,8,8,True,5,5
ORD_000011-2,CUST_00011,23/05/2023,29,Male,Kayseri,Fashion,161.63,3,0,484.89,Credit Card,Mobile,12,14,True,7,5
ORD_000011-3,CUST_00011,05/11/2023,29,Male,Kayseri,Electronics,506.22,5,0,2531.1,Digital Wallet,Mobile,12,4,True,14,5
ORD_000011-4,CUST_00011,11/12/2023,29,Male,Kayseri,Beauty,146.81,4,69.74,517.5,Bank Transfer,Desktop,18,8,True,2,4
ORD_000011-5,CUST_00011,14/12/2023,29,Male,Kayseri,Sports,666.57,3,208.58,1791.13,Credit Card,Desktop,14,10,True,4,4
ORD_000011-6,CUST_00011,13/01/2024,29,Male,Kayseri,Books,20.54,2,0,41.08,Debit Card,Mobile,15,8,True,5,4
ORD_000011-7,CUST_00011,14/03/2024,29,Male,Kayseri,Toys,22.59,5,0,112.95,Credit Card,Mobile,12,13,True,2,5
ORD_000012-1,CUST_00012,02/02/2024,29,Other,Istanbul,Toys,264.8,3,0,794.4,Debit Card,Desktop,8,7,False,9,4
ORD_000013-1,CUST_00013,09/02/2023,37,Female,Istanbul,Home & Garden,799.42,1,172.04,627.38,Digital Wallet,Mobile,12,7,True,13,5
ORD_000013-2,CUST_00013,25/02/2024,37,Female,Istanbul,Food,40.59,1,0,40.59,Digital Wallet,Mobile,13,6,True,5,5
ORD_000014-1,CUST_00014,22/01/2023,18,Female,Konya,Food,74.76,1,0,74.76,Debit Card,Desktop,13,6,True,5,3
ORD_000014-2,CUST_00014,28/09/2023,18,Female,Konya,Beauty,91.17,5,0,455.85,Credit Card,Desktop,17,5,True,9,2
ORD_000014-3,CUST_00014,08/10/2023,18,Female,Konya,Books,19.95,1,0,19.95,Credit Card,Mobile,15,7,True,6,4
ORD_000015-1,CUST_00015,13/02/2023,18,Male,Ankara,Electronics,1880.69,3,0,5642.07,Credit Card,Mobile,18,12,False,4,4
ORD_000015-2,CUST_00015,15/05/2023,18,Male,Ankara,Sports,341.87,2,0,683.74,Debit Card,Mobile,15,9,True,8,1
ORD_000015-3,CUST_00015,20/08/2023,18,Male,Ankara,Electronics,4537.8,3,2752.15,10861.25,Digital Wallet,Mobile,11,10,True,5,4
ORD_000015-4,CUST_00015,15/10/2023,18,Male,Ankara,Books,129.65,2,38.85,220.45,Cash on Delivery,Desktop,11,7,True,4,4
ORD_000016-1,CUST_00016,23/01/2023,28,Female,Istanbul,Electronics,930.34,2,194.12,1666.56,Bank Transfer,Mobile,14,7,True,8,4
ORD_000016-2,CUST_00016,17/04/2023,28,Female,Istanbul,Electronics,1121.29,5,1053.3,4553.15,Digital Wallet,Mobile,14,8,True,8,5
ORD_000016-3,CUST_00016,07/07/2023,28,Female,Istanbul,Food,26.54,2,0,53.08,Digital Wallet,Desktop,18,12,True,4,1
ORD_000016-4,CUST_00016,13/07/2023,28,Female,Istanbul,Toys,105.22,5,61.67,464.43,Debit Card,Mobile,17,9,True,3,3
ORD_000016-5,CUST_00016,22/08/2023,28,Female,Istanbul,Food,36.33,4,12.66,132.66,Debit Card,Tablet,12,9,True,6,4
ORD_000016-6,CUST_00016,10/11/2023,28,Female,Istanbul,Food,25.36,4,0,101.44,Credit Card,Mobile,12,8,True,3,4
ORD_000016-7,CUST_00016,01/12/2023,28,Female,Istanbul,Toys,303.05,2,0,606.1,Debit Card,Tablet,9,5,True,7,3
ORD_000016-8,CUST_00016,13/01/2024,28,Female,Istanbul,Food,63.94,1,0,63.94,Credit Card,Tablet,19,8,True,11,4
ORD_000016-9,CUST_00016,25/01/2024,28,Female,Istanbul,Books,19.2,3,0,57.6,Credit Card,Mobile,18,10,True,5,5
ORD_000016-10,CUST_00016,02/02/2024,28,Female,Istanbul,Beauty,76.52,1,0,76.52,Credit Card,Desktop,11,11,True,5,3
ORD_000017-1,CUST_00017,27/09/2023,22,Male,Ankara,Home & Garden,301.17,3,0,903.51,Debit Card,Mobile,13,9,True,6,5
ORD_000018-1,CUST_00018,01/01/2023,38,Female,Bursa,Books,20.84,5,0,104.2,Bank Transfer,Mobile,17,10,True,5,4
ORD_000018-2,CUST_00018,21/09/2023,38,Female,Bursa,Food,132.37,4,0,529.48,Digital Wallet,Tablet,17,8,True,8,4
ORD_000018-3,CUST_00018,19/12/2023,38,Female,Bursa,Beauty,101.08,5,0,505.4,Credit Card,Mobile,11,10,True,7,5
ORD_000018-4,CUST_00018,18/03/2024,38,Female,Bursa,Home & Garden,668.66,3,0,2005.98,Credit Card,Desktop,10,9,True,5,5
ORD_000019-1,CUST_00019,28/02/2024,24,Female,Gaziantep,Fashion,431.39,2,189.68,673.1,Digital Wallet,Mobile,17,9,True,4,4
ORD_000020-1,CUST_00020,19/12/2023,18,Female,Istanbul,Beauty,241.88,3,0,725.64,Debit Card,Mobile,7,12,True,13,5
ORD_000020-2,CUST_00020,05/02/2024,18,Female,Istanbul,Home & Garden,925.76,2,0,1851.52,Credit Card,Mobile,12,7,True,10,4
ORD_000021-1,CUST_00021,27/10/2023,52,Female,Istanbul,Books,58.8,5,0,294,Digital Wallet,Mobile,15,6,False,7,4
ORD_000021-2,CUST_00021,20/01/2024,52,Female,Istanbul,Sports,1062.74,4,0,4250.96,Digital Wallet,Mobile,14,7,True,5,4
ORD_000021-3,CUST_00021,18/03/2024,52,Female,Istanbul,Fashion,186.29,4,89.74,655.42,Debit Card,Mobile,18,10,True,9,5
ORD_000022-1,CUST_00022,28/05/2023,32,Male,Kayseri,Toys,80.94,3,0,242.82,Credit Card,Desktop,17,9,False,6,3
ORD_000022-2,CUST_00022,15/06/2023,32,Male,Kayseri,Beauty,55.11,4,0,220.44,Cash on Delivery,Mobile,16,8,True,4,4
ORD_000022-3,CUST_00022,02/09/2023,32,Male,Kayseri,Books,23.82,5,0,119.1,Credit Card,Desktop,15,9,True,5,5
ORD_000022-4,CUST_00022,21/01/2024,32,Male,Kayseri,Sports,351.2,1,0,351.2,Cash on Delivery,Mobile,17,5,True,3,4
ORD_000023-1,CUST_00023,14/12/2023,35,Female,Adana,Fashion,105.55,1,0,105.55,Cash on Delivery,Mobile,15,7,True,10,5
ORD_000024-1,CUST_00024,16/04/2023,18,Female,Bursa,Books,35.95,2,13.08,58.82,Credit Card,Desktop,17,5,False,4,5
ORD_000024-2,CUST_00024,17/04/2023,18,Female,Bursa,Books,70.37,5,76.68,275.17,Credit Card,Mobile,10,10,True,10,4
ORD_000025-1,CUST_00025,28/01/2023,28,Male,Adana,Home & Garden,442,2,66.41,817.59,Credit Card,Desktop,9,11,True,2,5
ORD_000025-2,CUST_00025,02/07/2023,28,Male,Adana,Home & Garden,270.73,1,26.66,244.07,Debit Card,Desktop,14,7,True,7,5
ORD_000026-1,CUST_00026,18/06/2023,36,Male,Izmir,Fashion,356.97,1,0,356.97,Digital Wallet,Mobile,16,11,False,9,5
ORD_000026-2,CUST_00026,24/06/2023,36,Male,Izmir,Beauty,108.41,4,0,433.64,Debit Card,Mobile,13,3,True,10,5
ORD_000027-1,CUST_00027,10/01/2023,21,Male,Adana,Toys,314.84,4,0,1259.36,Debit Card,Mobile,14,8,False,9,4
ORD_000027-2,CUST_00027,07/02/2023,21,Male,Adana,Books,39.46,3,23.26,95.12,Bank Transfer,Tablet,11,5,True,6,5
ORD_000027-3,CUST_00027,01/08/2023,21,Male,Adana,Sports,235.3,1,51.02,184.28,Credit Card,Mobile,15,15,True,9,5
ORD_000027-4,CUST_00027,25/02/2024,21,Male,Adana,Sports,323.32,4,254.43,1038.85,Credit Card,Mobile,13,7,True,7,3
ORD_000028-1,CUST_00028,07/02/2023,39,Male,Ankara,Fashion,224.5,3,0,673.5,Debit Card,Mobile,16,10,True,3,5
ORD_000028-2,CUST_00028,19/11/2023,39,Male,Ankara,Books,52.8,4,19.28,191.92,Bank Transfer,Desktop,14,7,True,3,3
ORD_000029-1,CUST_00029,26/03/2023,27,Male,Istanbul,Books,39.02,4,0,156.08,Bank Transfer,Desktop,12,7,True,3,2
ORD_000029-2,CUST_00029,12/04/2023,27,Male,Istanbul,Food,104.4,2,41.48,167.32,Bank Transfer,Mobile,17,12,True,4,4
ORD_000029-3,CUST_00029,18/05/2023,27,Male,Istanbul,Sports,1033.1,1,196.65,836.45,Debit Card,Mobile,15,11,True,8,3
ORD_000029-4,CUST_00029,08/06/2023,27,Male,Istanbul,Sports,522.47,3,0,1567.41,Digital Wallet,Mobile,17,8,True,4,4
ORD_000029-5,CUST_00029,31/07/2023,27,Male,Istanbul,Sports,535.63,4,247.41,1895.11,Debit Card,Desktop,13,12,True,5,3
ORD_000029-6,CUST_00029,20/11/2023,27,Male,Istanbul,Beauty,136.76,2,41.31,232.21,Credit Card,Desktop,14,10,True,8,1
ORD_000029-7,CUST_00029,29/12/2023,27,Male,Istanbul,Electronics,2976,4,2546.49,9357.51,Digital Wallet,Desktop,20,12,True,3,4
ORD_000029-8,CUST_00029,25/03/2024,27,Male,Istanbul,Electronics,1297.3,1,212.87,1084.43,Credit Card,Mobile,17,8,True,7,5
ORD_000030-1,CUST_00030,05/01/2023,31,Female,Adana,Beauty,64.31,1,12.11,52.2,Credit Card,Desktop,9,13,True,8,5
ORD_000030-2,CUST_00030,10/01/2023,31,Female,Adana,Fashion,499.86,5,0,2499.3,Credit Card,Tablet,10,7,True,12,5
ORD_000030-3,CUST_00030,24/04/2023,31,Female,Adana,Beauty,106.87,4,52.55,374.93,Debit Card,Desktop,15,6,True,3,3
ORD_000030-4,CUST_00030,15/08/2023,31,Female,Adana,Home & Garden,1389.24,2,0,2778.48,Digital Wallet,Mobile,12,10,True,8,2
ORD_000030-5,CUST_00030,20/08/2023,31,Female,Adana,Toys,131.27,3,0,393.81,Bank Transfer,Desktop,18,12,True,4,5
ORD_000030-6,CUST_00030,06/09/2023,31,Female,Adana,Food,60,3,0,180,Digital Wallet,Desktop,19,9,True,6,4
ORD_000030-7,CUST_00030,08/02/2024,31,Female,Adana,Electronics,3263.55,4,0,13054.2,Credit Card,Mobile,15,13,True,4,5
ORD_000031-1,CUST_00031,17/03/2023,27,Male,Izmir,Food,53.71,3,0,161.13,Bank Transfer,Mobile,15,11,False,9,4
ORD_000031-2,CUST_00031,08/03/2024,27,Male,Izmir,Food,57.81,3,0,173.43,Cash on Delivery,Desktop,13,7,True,8,5
ORD_000031-3,CUST_00031,09/03/2024,27,Male,Izmir,Books,90.01,2,0,180.02,Credit Card,Mobile,12,8,True,2,4
ORD_000032-1,CUST_00032,18/08/2023,57,Male,Eskisehir,Books,22.68,2,0,45.36,Debit Card,Tablet,18,9,True,5,3
ORD_000033-1,CUST_00033,30/04/2023,34,Female,Ankara,Toys,83.15,1,0,83.15,Credit Card,Mobile,14,12,False,5,3
ORD_000033-2,CUST_00033,08/11/2023,34,Female,Ankara,Home & Garden,353.02,1,20.79,332.23,Credit Card,Mobile,14,11,True,9,4
ORD_000034-1,CUST_00034,26/01/2023,22,Female,Kayseri,Electronics,1955.82,3,930.12,4937.34,Bank Transfer,Desktop,15,9,True,6,5
ORD_000034-2,CUST_00034,23/03/2023,22,Female,Kayseri,Fashion,682.48,2,0,1364.96,Credit Card,Mobile,16,11,True,12,5
ORD_000035-1,CUST_00035,17/07/2023,44,Female,Kayseri,Food,52.07,2,0,104.14,Cash on Delivery,Mobile,12,12,True,9,5
ORD_000035-2,CUST_00035,09/03/2024,44,Female,Kayseri,Books,69.42,2,21.25,117.59,Credit Card,Mobile,14,10,True,5,3
ORD_000036-1,CUST_00036,01/05/2023,20,Male,Istanbul,Food,27.28,3,0,81.84,Debit Card,Mobile,11,8,True,6,4
ORD_000036-2,CUST_00036,14/06/2023,20,Male,Istanbul,Books,58.89,4,0,235.56,Credit Card,Desktop,15,11,True,13,5
ORD_000036-3,CUST_00036,29/10/2023,20,Male,Istanbul,Toys,62.08,1,5.85,56.23,Cash on Delivery,Mobile,15,8,True,4,5
ORD_000037-1,CUST_00037,29/12/2023,37,Female,Gaziantep,Home & Garden,1199.8,3,0,3599.4,Credit Card,Tablet,17,4,False,15,5
ORD_000038-1,CUST_00038,23/04/2023,18,Female,Izmir,Fashion,187.96,3,0,563.88,Digital Wallet,Mobile,13,12,False,5,3
ORD_000038-2,CUST_00038,01/05/2023,18,Female,Izmir,Food,68.52,3,0,205.56,Digital Wallet,Mobile,13,7,True,3,3
ORD_000038-3,CUST_00038,12/02/2024,18,Female,Izmir,Food,72.23,5,0,361.15,Credit Card,Tablet,16,10,True,4,5
ORD_000039-1,CUST_00039,23/03/2023,19,Male,Kayseri,Beauty,203.37,2,0,406.74,Credit Card,Mobile,12,11,False,7,5
ORD_000039-2,CUST_00039,03/04/2023,19,Male,Kayseri,Electronics,1390.83,2,0,2781.66,Credit Card,Mobile,17,9,True,4,5
ORD_000039-3,CUST_00039,07/12/2023,19,Male,Kayseri,Books,46.95,2,0,93.9,Credit Card,Mobile,13,11,True,8,5
ORD_000040-1,CUST_00040,22/12/2023,37,Male,Izmir,Toys,466.97,3,0,1400.91,Credit Card,Mobile,13,6,False,8,5
ORD_000040-2,CUST_00040,09/01/2024,37,Male,Izmir,Toys,73.43,1,0,73.43,Debit Card,Desktop,19,6,True,6,4
ORD_000040-3,CUST_00040,26/01/2024,37,Male,Izmir,Fashion,700.51,2,0,1401.02,Debit Card,Mobile,11,6,True,8,5
ORD_000041-1,CUST_00041,23/03/2023,43,Female,Adana,Beauty,135.85,2,33.29,238.41,Credit Card,Desktop,10,9,False,8,3
ORD_000041-2,CUST_00041,13/10/2023,43,Female,Adana,Beauty,156.58,3,63.07,406.67,Credit Card,Tablet,17,7,True,3,5
ORD_000041-3,CUST_00041,19/11/2023,43,Female,Adana,Home & Garden,384.39,2,0,768.78,Debit Card,Desktop,16,9,True,5,2
ORD_000041-4,CUST_00041,10/03/2024,43,Female,Adana,Home & Garden,1423.9,3,0,4271.7,Debit Card,Desktop,18,9,True,4,4
ORD_000042-1,CUST_00042,02/03/2023,37,Female,Izmir,Home & Garden,1155.28,3,0,3465.84,Debit Card,Tablet,11,10,True,4,5
ORD_000042-2,CUST_00042,01/09/2023,37,Female,Izmir,Food,39.26,4,17.17,139.87,Debit Card,Mobile,12,8,True,8,3
ORD_000043-1,CUST_00043,05/02/2023,33,Female,Istanbul,Fashion,223.77,3,78.73,592.58,Credit Card,Mobile,17,10,True,10,5
ORD_000043-2,CUST_00043,03/12/2023,33,Female,Istanbul,Home & Garden,687.22,1,0,687.22,Debit Card,Mobile,14,9,True,11,5
ORD_000044-1,CUST_00044,05/04/2023,31,Female,Istanbul,Beauty,52.53,4,0,210.12,Digital Wallet,Mobile,12,4,False,2,5
ORD_000044-2,CUST_00044,26/01/2024,31,Female,Istanbul,Food,60.62,3,0,181.86,Credit Card,Tablet,15,11,True,7,5
ORD_000045-1,CUST_00045,26/12/2023,18,Female,Izmir,Sports,609.17,4,507.4,1929.28,Bank Transfer,Desktop,10,7,True,1,4
ORD_000045-2,CUST_00045,07/01/2024,18,Female,Izmir,Books,21.41,3,11.83,52.4,Digital Wallet,Desktop,17,10,True,11,4
ORD_000045-3,CUST_00045,11/01/2024,18,Female,Izmir,Electronics,2069.35,3,637.81,5570.24,Credit Card,Desktop,19,10,True,2,4
ORD_000046-1,CUST_00046,12/01/2023,26,Female,Adana,Electronics,349.67,5,0,1748.35,Digital Wallet,Desktop,14,9,True,4,3
ORD_000046-2,CUST_00046,27/12/2023,26,Female,Adana,Toys,69.47,2,0,138.94,Digital Wallet,Desktop,15,12,True,5,1
ORD_000047-1,CUST_00047,15/02/2023,29,Male,Bursa,Home & Garden,570.25,2,234.25,906.25,Credit Card,Mobile,17,9,True,3,5
ORD_000047-2,CUST_00047,08/03/2024,29,Male,Bursa,Electronics,1171.38,2,274.8,2067.96,Digital Wallet,Tablet,14,9,True,6,5
ORD_000048-1,CUST_00048,01/04/2023,47,Male,Antalya,Home & Garden,754.66,4,436.52,2582.12,Credit Card,Mobile,13,11,True,2,2
ORD_000048-2,CUST_00048,24/06/2023,47,Male,Antalya,Beauty,262.43,3,0,787.29,Bank Transfer,Mobile,14,12,True,8,5
ORD_000048-3,CUST_00048,26/06/2023,47,Male,Antalya,Home & Garden,391.92,2,0,783.84,Debit Card,Desktop,14,13,True,7,4
ORD_000048-4,CUST_00048,02/02/2024,47,Male,Antalya,Food,70.76,4,0,283.04,Credit Card,Desktop,11,10,True,16,3
ORD_000049-1,CUST_00049,13/03/2023,39,Male,Ankara,Beauty,123.23,2,0,246.46,Credit Card,Desktop,14,10,True,10,5
ORD_000049-2,CUST_00049,30/06/2023,39,Male,Ankara,Food,21.8,5,23.52,85.48,Credit Card,Desktop,16,7,True,10,4
ORD_000049-3,CUST_00049,13/11/2023,39,Male,Ankara,Electronics,200.94,2,31.47,370.41,Debit Card,Desktop,14,9,True,4,2
ORD_000050-1,CUST_00050,14/03/2024,18,Female,Izmir,Beauty,123.7,2,0,247.4,Bank Transfer,Mobile,9,4,True,9,4
ORD_000051-1,CUST_00051,03/01/2023,38,Female,Istanbul,Sports,288.77,1,34.32,254.45,Credit Card,Desktop,11,8,False,14,4
ORD_000051-2,CUST_00051,28/02/2024,38,Female,Istanbul,Books,23.59,4,10.59,83.77,Credit Card,Desktop,18,8,True,3,3
ORD_000052-1,CUST_00052,13/04/2023,30,Female,Gaziantep,Home & Garden,1338.63,5,1212.19,5480.96,Credit Card,Mobile,13,10,True,11,3
ORD_000052-2,CUST_00052,25/07/2023,30,Female,Gaziantep,Fashion,248.68,4,0,994.72,Bank Transfer,Mobile,17,8,True,4,5
ORD_000052-3,CUST_00052,01/03/2024,30,Female,Gaziantep,Toys,31.47,5,10.23,147.12,Credit Card,Mobile,17,3,True,3,5
ORD_000052-4,CUST_00052,15/03/2024,30,Female,Gaziantep,Books,35.99,5,0,179.95,Digital Wallet,Mobile,16,11,True,10,4
ORD_000053-1,CUST_00053,03/03/2024,26,Male,Eskisehir,Books,58.41,4,24.8,208.84,Credit Card,Mobile,11,5,True,3,1
ORD_000054-1,CUST_00054,24/08/2023,42,Female,Izmir,Home & Garden,529.46,1,0,529.46,Debit Card,Mobile,16,6,True,1,3
ORD_000055-1,CUST_00055,30/05/2023,47,Male,Istanbul,Beauty,80.05,3,0,240.15,Digital Wallet,Mobile,19,6,True,13,4
ORD_000055-2,CUST_00055,20/12/2023,47,Male,Istanbul,Food,79.45,4,0,317.8,Debit Card,Desktop,14,9,True,5,4
ORD_000055-3,CUST_00055,15/03/2024,47,Male,Istanbul,Beauty,85.2,3,39.23,216.37,Credit Card,Tablet,16,8,True,5,3
ORD_000056-1,CUST_00056,09/05/2023,46,Male,Istanbul,Electronics,882.99,3,0,2648.97,Credit Card,Mobile,17,11,True,3,5
ORD_000056-2,CUST_00056,30/06/2023,46,Male,Istanbul,Sports,282.46,4,171.23,958.61,Credit Card,Desktop,12,10,True,10,5
ORD_000056-3,CUST_00056,20/12/2023,46,Male,Istanbul,Beauty,28.14,5,0,140.7,Debit Card,Desktop,11,8,True,5,4
ORD_000056-4,CUST_00056,26/01/2024,46,Male,Istanbul,Beauty,200.75,5,0,1003.75,Credit Card,Mobile,11,10,True,6,5
ORD_000056-5,CUST_00056,23/02/2024,46,Male,Istanbul,Home & Garden,217.84,5,0,1089.2,Credit Card,Tablet,9,7,True,4,3
ORD_000057-1,CUST_00057,27/03/2023,24,Female,Antalya,Sports,261.58,4,0,1046.32,Credit Card,Tablet,11,9,False,5,4
ORD_000057-2,CUST_00057,10/04/2023,24,Female,Antalya,Books,58.04,3,19.12,155,Credit Card,Mobile,16,10,True,3,4
ORD_000057-3,CUST_00057,16/12/2023,24,Female,Antalya,Beauty,24.85,5,25.55,98.7,Debit Card,Mobile,17,8,True,2,4
ORD_000057-4,CUST_00057,29/12/2023,24,Female,Antalya,Beauty,71.79,3,0,215.37,Debit Card,Desktop,13,9,True,10,4
ORD_000058-1,CUST_00058,16/08/2023,31,Female,Bursa,Toys,239.64,1,0,239.64,Cash on Delivery,Mobile,14,7,True,7,4
ORD_000058-2,CUST_00058,30/09/2023,31,Female,Bursa,Sports,1253.94,3,0,3761.82,Credit Card,Desktop,10,6,True,10,4
ORD_000058-3,CUST_00058,13/10/2023,31,Female,Bursa,Beauty,128.09,3,0,384.27,Debit Card,Mobile,11,15,True,4,2
ORD_000058-4,CUST_00058,03/01/2024,31,Female,Bursa,Fashion,293.57,1,17.14,276.43,Debit Card,Mobile,13,9,True,3,4
ORD_000058-5,CUST_00058,06/01/2024,31,Female,Bursa,Beauty,59.61,1,8.94,50.67,Digital Wallet,Desktop,15,13,True,8,5
ORD_000058-6,CUST_00058,26/01/2024,31,Female,Bursa,Fashion,83.81,3,0,251.43,Credit Card,Mobile,14,10,True,8,4
ORD_000059-1,CUST_00059,11/02/2023,38,Other,Gaziantep,Fashion,213.55,5,0,1067.75,Debit Card,Tablet,16,11,False,10,3
ORD_000059-2,CUST_00059,17/08/2023,38,Other,Gaziantep,Fashion,102.29,2,18.59,185.99,Credit Card,Desktop,18,7,True,3,4
ORD_000059-3,CUST_00059,01/10/2023,38,Other,Gaziantep,Books,48.41,2,0,96.82,Credit Card,Mobile,17,5,True,6,1
ORD_000059-4,CUST_00059,24/02/2024,38,Other,Gaziantep,Sports,508.03,5,0,2540.15,Bank Transfer,Desktop,13,11,True,11,5
ORD_000060-1,CUST_00060,20/08/2023,46,Male,Ankara,Toys,293.2,4,0,1172.8,Digital Wallet,Tablet,18,5,True,12,5
ORD_000061-1,CUST_00061,08/01/2023,29,Female,Adana,Fashion,403.55,1,84.63,318.92,Cash on Delivery,Mobile,14,8,True,5,1
ORD_000061-2,CUST_00061,02/02/2024,29,Female,Adana,Beauty,198.98,4,0,795.92,Cash on Delivery,Mobile,14,6,True,3,3
ORD_000061-3,CUST_00061,11/02/2024,29,Female,Adana,Beauty,127.96,1,0,127.96,Bank Transfer,Mobile,12,8,True,6,4
ORD_000062-1,CUST_00062,12/02/2023,32,Male,Antalya,Beauty,69.42,5,0,347.1,Credit Card,Tablet,17,10,True,3,5
ORD_000062-2,CUST_00062,01/09/2023,32,Male,Antalya,Fashion,613.57,4,477.28,1977,Debit Card,Mobile,13,5,True,5,5
ORD_000062-3,CUST_00062,06/09/2023,32,Male,Antalya,Beauty,165.73,4,77.72,585.2,Credit Card,Mobile,17,6,True,8,4
ORD_000062-4,CUST_00062,23/12/2023,32,Male,Antalya,Electronics,909.85,3,0,2729.55,Debit Card,Tablet,14,12,True,6,5
ORD_000063-1,CUST_00063,08/01/2023,21,Male,Ankara,Fashion,365.22,5,0,1826.1,Digital Wallet,Mobile,12,9,True,4,5
ORD_000063-2,CUST_00063,12/01/2023,21,Male,Ankara,Fashion,469.87,1,0,469.87,Credit Card,Mobile,18,9,True,2,4
ORD_000063-3,CUST_00063,29/02/2024,21,Male,Ankara,Beauty,186.88,4,83.35,664.17,Digital Wallet,Mobile,15,8,True,5,5
ORD_000064-1,CUST_00064,06/02/2024,20,Female,Bursa,Sports,257.22,3,39.57,732.09,Credit Card,Mobile,15,10,True,9,5
ORD_000065-1,CUST_00065,24/09/2023,44,Female,Istanbul,Electronics,962.82,1,0,962.82,Debit Card,Mobile,13,7,True,7,4
ORD_000065-2,CUST_00065,10/03/2024,44,Female,Istanbul,Electronics,1004.2,2,0,2008.4,Credit Card,Desktop,11,11,True,2,5
ORD_000066-1,CUST_00066,17/09/2023,51,Female,Izmir,Home & Garden,1184.26,3,0,3552.78,Credit Card,Tablet,15,12,True,6,3
ORD_000067-1,CUST_00067,13/01/2023,34,Male,Konya,Food,71.11,2,0,142.22,Bank Transfer,Desktop,16,9,True,6,4
ORD_000067-2,CUST_00067,25/01/2023,34,Male,Konya,Fashion,205.92,3,106.52,511.24,Debit Card,Mobile,10,7,True,4,4
ORD_000067-3,CUST_00067,12/07/2023,34,Male,Konya,Fashion,752.97,1,112.76,640.21,Cash on Delivery,Mobile,18,13,True,11,4
ORD_000067-4,CUST_00067,21/10/2023,34,Male,Konya,Food,32.65,3,0,97.95,Digital Wallet,Mobile,18,10,True,6,5
ORD_000067-5,CUST_00067,22/01/2024,34,Male,Konya,Books,32.25,3,0,96.75,Credit Card,Desktop,7,12,True,11,5
ORD_000068-1,CUST_00068,07/02/2024,47,Female,Izmir,Books,40.89,3,0,122.67,Credit Card,Mobile,13,11,True,8,4
ORD_000069-1,CUST_00069,11/08/2023,39,Male,Gaziantep,Fashion,187.19,2,0,374.38,Digital Wallet,Tablet,13,11,True,11,2
ORD_000069-2,CUST_00069,06/10/2023,39,Male,Gaziantep,Electronics,1093.19,2,0,2186.38,Debit Card,Mobile,10,10,True,9,4
ORD_000070-1,CUST_00070,20/01/2023,27,Female,Bursa,Toys,118.61,1,10.05,108.56,Credit Card,Mobile,11,6,True,3,5
ORD_000070-2,CUST_00070,09/10/2023,27,Female,Bursa,Books,20.78,1,0,20.78,Credit Card,Desktop,15,9,True,8,5
ORD_000070-3,CUST_00070,02/11/2023,27,Female,Bursa,Fashion,382.31,3,0,1146.93,Bank Transfer,Desktop,18,9,True,9,4
ORD_000071-1,CUST_00071,29/01/2023,39,Male,Istanbul,Books,43.4,4,14.42,159.18,Credit Card,Mobile,15,4,True,9,5
ORD_000071-2,CUST_00071,01/12/2023,39,Male,Istanbul,Books,46.34,5,0,231.7,Credit Card,Mobile,16,5,True,14,5
ORD_000071-3,CUST_00071,16/01/2024,39,Male,Istanbul,Sports,100.53,4,42.7,359.42,Digital Wallet,Mobile,12,7,True,6,5
ORD_000071-4,CUST_00071,26/01/2024,39,Male,Istanbul,Sports,502.89,3,206.68,1301.99,Credit Card,Mobile,18,5,True,8,2
ORD_000072-1,CUST_00072,08/01/2023,53,Male,Bursa,Sports,1438.56,2,0,2877.12,Credit Card,Mobile,11,8,True,12,4
ORD_000072-2,CUST_00072,19/03/2023,53,Male,Bursa,Sports,468.22,1,0,468.22,Credit Card,Tablet,18,8,True,5,3
ORD_000072-3,CUST_00072,05/11/2023,53,Male,Bursa,Fashion,317.83,3,59.03,894.46,Digital Wallet,Mobile,13,6,True,8,4
ORD_000072-4,CUST_00072,03/12/2023,53,Male,Bursa,Books,28.9,3,0,86.7,Credit Card,Desktop,16,10,True,7,5
ORD_000072-5,CUST_00072,12/12/2023,53,Male,Bursa,Home & Garden,1139.94,1,223.41,916.53,Credit Card,Mobile,14,5,True,2,1
ORD_000072-6,CUST_00072,13/02/2024,53,Male,Bursa,Beauty,83.67,1,0,83.67,Credit Card,Desktop,16,7,True,8,5
ORD_000072-7,CUST_00072,24/02/2024,53,Male,Bursa,Food,21.7,2,0,43.4,Debit Card,Mobile,14,10,True,7,5
ORD_000073-1,CUST_00073,29/07/2023,34,Female,Izmir,Beauty,44.95,5,0,224.75,Debit Card,Mobile,16,10,True,13,5
ORD_000074-1,CUST_00074,13/01/2023,53,Female,Ankara,Home & Garden,53.54,4,18.95,195.21,Credit Card,Tablet,11,6,False,6,3
ORD_000074-2,CUST_00074,21/02/2023,53,Female,Ankara,Sports,307.16,4,249.44,979.2,Debit Card,Mobile,12,8,True,7,3
ORD_000074-3,CUST_00074,13/03/2023,53,Female,Ankara,Electronics,1344.39,3,552.81,3480.36,Bank Transfer,Mobile,15,6,True,5,3
ORD_000074-4,CUST_00074,20/05/2023,53,Female,Ankara,Toys,113.85,5,0,569.25,Debit Card,Desktop,21,13,True,11,1
ORD_000074-5,CUST_00074,21/07/2023,53,Female,Ankara,Home & Garden,489.76,4,0,1959.04,Debit Card,Mobile,12,6,True,8,3
ORD_000074-6,CUST_00074,14/01/2024,53,Female,Ankara,Sports,456.67,5,207.84,2075.51,Cash on Delivery,Desktop,12,9,True,8,5
ORD_000074-7,CUST_00074,05/02/2024,53,Female,Ankara,Beauty,123.27,3,0,369.81,Credit Card,Desktop,15,9,True,9,5
ORD_000075-1,CUST_00075,10/06/2023,18,Male,Istanbul,Fashion,119.46,4,72.22,405.62,Credit Card,Mobile,14,9,False,9,1
ORD_000075-2,CUST_00075,04/11/2023,18,Male,Istanbul,Toys,83.77,1,0,83.77,Digital Wallet,Mobile,10,8,True,4,4
ORD_000075-3,CUST_00075,15/11/2023,18,Male,Istanbul,Electronics,2225.97,5,2066.7,9063.15,Debit Card,Mobile,17,7,True,3,5
ORD_000076-1,CUST_00076,08/04/2023,44,Male,Izmir,Books,184.95,2,63.05,306.85,Digital Wallet,Mobile,15,6,True,7,5
ORD_000076-2,CUST_00076,22/06/2023,44,Male,Izmir,Food,81.57,4,0,326.28,Debit Card,Mobile,15,10,True,6,2
ORD_000076-3,CUST_00076,25/07/2023,44,Male,Izmir,Home & Garden,584.94,4,0,2339.76,Credit Card,Mobile,15,9,True,5,5
ORD_000076-4,CUST_00076,17/12/2023,44,Male,Izmir,Electronics,3800.46,5,2948.98,16053.32,Credit Card,Desktop,16,13,True,6,2
ORD_000076-5,CUST_00076,10/02/2024,44,Male,Izmir,Sports,489.96,5,420.3,2029.5,Debit Card,Mobile,11,8,True,5,4
ORD_000077-1,CUST_00077,13/02/2023,36,Female,Istanbul,Electronics,212.54,4,121.81,728.35,Digital Wallet,Desktop,13,10,True,4,4
ORD_000077-2,CUST_00077,14/04/2023,36,Female,Istanbul,Sports,172.69,1,20.67,152.02,Bank Transfer,Mobile,17,7,True,2,5
ORD_000077-3,CUST_00077,01/12/2023,36,Female,Istanbul,Food,53.03,2,12.79,93.27,Credit Card,Mobile,13,9,True,11,4
ORD_000077-4,CUST_00077,17/03/2024,36,Female,Istanbul,Books,61.83,5,0,309.15,Credit Card,Mobile,9,11,True,5,3
ORD_000078-1,CUST_00078,04/02/2023,31,Male,Istanbul,Books,49.31,2,0,98.62,Digital Wallet,Tablet,18,10,False,10,4
ORD_000078-2,CUST_00078,05/05/2023,31,Male,Istanbul,Home & Garden,155.36,1,25.89,129.47,Cash on Delivery,Desktop,16,10,True,8,3
ORD_000078-3,CUST_00078,04/09/2023,31,Male,Istanbul,Toys,35.6,2,0,71.2,Cash on Delivery,Tablet,12,14,True,15,4
ORD_000079-1,CUST_00079,21/02/2023,36,Male,Izmir,Toys,114.81,4,0,459.24,Debit Card,Mobile,16,8,True,10,5
ORD_000079-2,CUST_00079,14/04/2023,36,Male,Izmir,Fashion,368.04,4,0,1472.16,Debit Card,Desktop,16,8,True,8,5
ORD_000079-3,CUST_00079,18/08/2023,36,Male,Izmir,Sports,874.42,1,161.73,712.69,Debit Card,Desktop,11,10,True,5,5
ORD_000080-1,CUST_00080,19/03/2023,18,Male,Ankara,Toys,78.24,2,0,156.48,Digital Wallet,Mobile,13,9,True,5,4
ORD_000080-2,CUST_00080,03/04/2023,18,Male,Ankara,Food,47.99,3,0,143.97,Credit Card,Desktop,8,8,True,5,4
ORD_000080-3,CUST_00080,08/07/2023,18,Male,Ankara,Books,110.3,1,7.64,102.66,Digital Wallet,Desktop,12,7,True,15,3
ORD_000080-4,CUST_00080,08/07/2023,18,Male,Ankara,Food,57.03,3,0,171.09,Credit Card,Mobile,11,10,True,8,4
ORD_000080-5,CUST_00080,08/11/2023,18,Male,Ankara,Books,32.4,4,0,129.6,Debit Card,Tablet,13,11,True,8,4
ORD_000081-1,CUST_00081,02/11/2023,32,Male,Kayseri,Electronics,1154.68,2,324.15,1985.21,Credit Card,Mobile,12,10,False,3,2
ORD_000082-1,CUST_00082,08/01/2023,39,Female,Ankara,Books,54.31,5,0,271.55,Debit Card,Mobile,18,7,False,12,4
ORD_000082-2,CUST_00082,08/04/2023,39,Female,Ankara,Home & Garden,260.73,1,35.64,225.09,Credit Card,Mobile,14,10,True,4,5
ORD_000082-3,CUST_00082,02/08/2023,39,Female,Ankara,Beauty,76.84,2,0,153.68,Digital Wallet,Mobile,7,7,True,2,5
ORD_000082-4,CUST_00082,06/12/2023,39,Female,Ankara,Home & Garden,1259.63,1,0,1259.63,Credit Card,Tablet,13,8,True,9,1
ORD_000082-5,CUST_00082,20/12/2023,39,Female,Ankara,Home & Garden,423.26,4,0,1693.04,Bank Transfer,Mobile,16,12,True,4,4
ORD_000083-1,CUST_00083,11/10/2023,52,Female,Adana,Beauty,163.21,4,142.45,510.39,Digital Wallet,Desktop,16,10,True,5,5
ORD_000084-1,CUST_00084,07/04/2023,28,Female,Bursa,Sports,149.11,1,0,149.11,Cash on Delivery,Desktop,14,10,False,5,4
ORD_000084-2,CUST_00084,06/05/2023,28,Female,Bursa,Sports,177.59,2,56.02,299.16,Credit Card,Mobile,10,9,True,8,5
ORD_000084-3,CUST_00084,07/05/2023,28,Female,Bursa,Electronics,551.54,3,0,1654.62,Bank Transfer,Mobile,19,9,True,9,3
ORD_000084-4,CUST_00084,21/07/2023,28,Female,Bursa,Food,30.89,5,8.02,146.43,Debit Card,Mobile,14,10,True,7,4
ORD_000084-5,CUST_00084,08/08/2023,28,Female,Bursa,Sports,94.78,3,0,284.34,Debit Card,Tablet,16,6,True,11,5
ORD_000084-6,CUST_00084,31/12/2023,28,Female,Bursa,Books,60.96,3,12.86,170.02,Credit Card,Mobile,12,6,True,3,5
ORD_000085-1,CUST_00085,23/06/2023,25,Other,Adana,Fashion,433.74,2,148.53,718.95,Credit Card,Mobile,12,11,False,5,4
ORD_000085-2,CUST_00085,11/09/2023,25,Other,Adana,Food,71.36,3,0,214.08,Credit Card,Mobile,15,12,True,1,3
ORD_000086-1,CUST_00086,22/01/2023,28,Male,Ankara,Books,38.38,5,0,191.9,Debit Card,Mobile,12,13,False,10,5
ORD_000086-2,CUST_00086,22/03/2023,28,Male,Ankara,Electronics,1023.2,2,0,2046.4,Debit Card,Tablet,15,7,True,14,5
ORD_000087-1,CUST_00087,17/02/2023,45,Male,Kayseri,Books,17.78,4,9.22,61.9,Credit Card,Desktop,13,10,False,4,3
ORD_000087-2,CUST_00087,25/02/2023,45,Male,Kayseri,Toys,63.23,3,0,189.69,Credit Card,Mobile,13,10,True,10,4
ORD_000087-3,CUST_00087,14/05/2023,45,Male,Kayseri,Toys,222.44,2,58.72,386.16,Bank Transfer,Desktop,22,6,True,19,5
ORD_000087-4,CUST_00087,20/10/2023,45,Male,Kayseri,Beauty,146.12,3,0,438.36,Bank Transfer,Desktop,15,11,True,2,5
ORD_000087-5,CUST_00087,24/10/2023,45,Male,Kayseri,Books,69.22,3,0,207.66,Credit Card,Tablet,12,8,True,6,4
ORD_000088-1,CUST_00088,05/05/2023,38,Male,Bursa,Books,48.14,1,0,48.14,Credit Card,Mobile,15,8,True,5,5
ORD_000088-2,CUST_00088,29/06/2023,38,Male,Bursa,Fashion,386.41,1,59.23,327.18,Credit Card,Mobile,19,12,True,4,3
ORD_000088-3,CUST_00088,26/10/2023,38,Male,Bursa,Books,37.09,3,23.63,87.64,Debit Card,Tablet,17,7,True,7,5
ORD_000088-4,CUST_00088,09/11/2023,38,Male,Bursa,Toys,27.19,2,0,54.38,Credit Card,Mobile,15,11,True,4,5
ORD_000088-5,CUST_00088,31/12/2023,38,Male,Bursa,Sports,522.89,2,0,1045.78,Credit Card,Desktop,12,9,True,3,5
ORD_000089-1,CUST_00089,14/01/2023,28,Male,Gaziantep,Home & Garden,681.12,1,0,681.12,Credit Card,Desktop,14,7,True,7,4
ORD_000089-2,CUST_00089,03/02/2023,28,Male,Gaziantep,Food,25.06,2,0,50.12,Digital Wallet,Mobile,13,11,True,5,4
ORD_000089-3,CUST_00089,14/02/2023,28,Male,Gaziantep,Electronics,358.73,2,0,717.46,Credit Card,Mobile,13,8,True,5,5
ORD_000089-4,CUST_00089,23/05/2023,28,Male,Gaziantep,Electronics,762.42,5,0,3812.1,Digital Wallet,Desktop,12,11,True,9,3
ORD_000089-5,CUST_00089,23/05/2023,28,Male,Gaziantep,Electronics,846.83,2,0,1693.66,Credit Card,Desktop,16,9,True,10,3
ORD_000089-6,CUST_00089,29/10/2023,28,Male,Gaziantep,Beauty,190.2,5,0,951,Debit Card,Desktop,23,11,True,20,3
ORD_000089-7,CUST_00089,14/11/2023,28,Male,Gaziantep,Home & Garden,787.56,5,792.61,3145.19,Debit Card,Desktop,19,7,True,6,1
ORD_000089-8,CUST_00089,01/12/2023,28,Male,Gaziantep,Home & Garden,341.27,1,59.39,281.88,Digital Wallet,Mobile,14,8,True,6,5
ORD_000089-9,CUST_00089,30/12/2023,28,Male,Gaziantep,Electronics,1217.92,3,0,3653.76,Digital Wallet,Desktop,11,10,True,6,4
ORD_000090-1,CUST_00090,03/05/2023,41,Male,Ankara,Home & Garden,572.62,4,0,2290.48,Credit Card,Desktop,11,9,True,7,2
ORD_000090-2,CUST_00090,19/05/2023,41,Male,Ankara,Books,57.66,5,0,288.3,Debit Card,Mobile,16,8,True,11,2
ORD_000090-3,CUST_00090,28/06/2023,41,Male,Ankara,Food,31.52,5,0,157.6,Credit Card,Mobile,15,4,True,18,5
ORD_000090-4,CUST_00090,15/10/2023,41,Male,Ankara,Home & Garden,260.12,4,0,1040.48,Digital Wallet,Desktop,17,8,True,6,4
ORD_000091-1,CUST_00091,14/02/2023,36,Female,Istanbul,Sports,61.54,2,25.5,97.58,Debit Card,Mobile,14,7,False,4,5
ORD_000091-2,CUST_00091,28/03/2023,36,Female,Istanbul,Books,21.4,3,7.8,56.4,Credit Card,Mobile,13,7,True,6,4
ORD_000091-3,CUST_00091,08/04/2023,36,Female,Istanbul,Beauty,63.4,5,17.96,299.04,Credit Card,Desktop,16,8,True,6,5
ORD_000091-4,CUST_00091,31/10/2023,36,Female,Istanbul,Food,41.24,4,35.81,129.15,Credit Card,Desktop,15,11,True,7,5
ORD_000092-1,CUST_00092,08/01/2023,46,Female,Antalya,Electronics,1056.12,3,0,3168.36,Debit Card,Mobile,17,8,True,5,4
ORD_000092-2,CUST_00092,04/02/2023,46,Female,Antalya,Books,69.71,1,0,69.71,Credit Card,Desktop,13,8,True,12,2
ORD_000092-3,CUST_00092,26/02/2023,46,Female,Antalya,Sports,421.8,3,0,1265.4,Bank Transfer,Mobile,14,10,True,3,4
ORD_000092-4,CUST_00092,17/03/2023,46,Female,Antalya,Toys,339.37,4,0,1357.48,Credit Card,Mobile,12,8,True,5,5
ORD_000092-5,CUST_00092,07/05/2023,46,Female,Antalya,Beauty,187.97,2,0,375.94,Debit Card,Mobile,19,6,True,4,5
ORD_000092-6,CUST_00092,25/05/2023,46,Female,Antalya,Fashion,392.77,4,260.91,1310.17,Digital Wallet,Desktop,16,10,True,9,4
ORD_000092-7,CUST_00092,24/08/2023,46,Female,Antalya,Food,152.2,2,24.91,279.49,Bank Transfer,Mobile,18,12,True,11,4
ORD_000092-8,CUST_00092,20/02/2024,46,Female,Antalya,Beauty,31.45,2,5.65,57.25,Bank Transfer,Tablet,15,11,True,2,5
ORD_000092-9,CUST_00092,07/03/2024,46,Female,Antalya,Food,32.04,5,25.38,134.82,Credit Card,Mobile,12,8,True,5,1
ORD_000092-10,CUST_00092,10/03/2024,46,Female,Antalya,Toys,147.35,4,0,589.4,Debit Card,Mobile,18,12,True,3,3
ORD_000093-1,CUST_00093,01/11/2023,26,Male,Istanbul,Books,29.82,3,0,89.46,Credit Card,Mobile,16,10,True,5,2
ORD_000093-2,CUST_00093,11/11/2023,26,Male,Istanbul,Electronics,1298.87,5,0,6494.35,Debit Card,Mobile,19,12,True,8,1
ORD_000094-1,CUST_00094,14/08/2023,31,Female,Izmir,Food,101.44,5,80.47,426.73,Credit Card,Mobile,12,11,False,6,4
ORD_000095-1,CUST_00095,08/05/2023,30,Female,Istanbul,Toys,31.69,1,0,31.69,Digital Wallet,Mobile,20,10,False,9,5
ORD_000095-2,CUST_00095,05/09/2023,30,Female,Istanbul,Toys,383.31,1,24.92,358.39,Digital Wallet,Desktop,16,10,True,7,4
ORD_000095-3,CUST_00095,17/09/2023,30,Female,Istanbul,Fashion,128.93,2,54.75,203.11,Debit Card,Mobile,12,8,True,16,4
ORD_000096-1,CUST_00096,27/10/2023,18,Female,Antalya,Books,51.47,4,29.94,175.94,Bank Transfer,Mobile,12,11,True,4,3
ORD_000096-2,CUST_00096,28/11/2023,18,Female,Antalya,Food,37.56,5,0,187.8,Credit Card,Tablet,14,7,True,8,4
ORD_000096-3,CUST_00096,18/03/2024,18,Female,Antalya,Books,20.79,5,0,103.95,Credit Card,Desktop,19,8,True,9,4
ORD_000097-1,CUST_00097,16/02/2024,38,Female,Eskisehir,Fashion,185.77,3,75.47,481.84,Debit Card,Mobile,11,13,True,3,4
ORD_000098-1,CUST_00098,29/05/2023,38,Female,Izmir,Food,58.46,4,0,233.84,Digital Wallet,Mobile,19,7,True,7,2
ORD_000098-2,CUST_00098,16/12/2023,38,Female,Izmir,Electronics,743.24,3,0,2229.72,Credit Card,Mobile,10,6,True,4,4
ORD_000099-1,CUST_00099,29/07/2023,35,Female,Gaziantep,Books,20.58,4,0,82.32,Digital Wallet,Desktop,14,10,True,7,5
ORD_000099-2,CUST_00099,19/08/2023,35,Female,Gaziantep,Electronics,2553.35,5,1193.39,11573.36,Credit Card,Mobile,14,10,True,2,3
ORD_000099-3,CUST_00099,27/10/2023,35,Female,Gaziantep,Food,71.96,5,0,359.8,Credit Card,Mobile,17,11,True,4,4
ORD_000099-4,CUST_00099,23/02/2024,35,Female,Gaziantep,Electronics,3596.68,2,801.19,6392.17,Digital Wallet,Desktop,17,7,True,4,4
ORD_000100-1,CUST_00100,31/12/2023,32,Female,Izmir,Sports,440.38,1,34.92,405.46,Debit Card,Desktop,17,7,False,6,5
ORD_000101-1,CUST_00101,24/01/2023,18,Female,Izmir,Toys,178.76,5,0,893.8,Debit Card,Mobile,17,12,True,6,3
ORD_000101-2,CUST_00101,29/01/2023,18,Female,Izmir,Electronics,2779.29,4,2338.17,8778.99,Debit Card,Tablet,14,6,True,5,4
ORD_000101-3,CUST_00101,24/03/2023,18,Female,Izmir,Sports,593.7,4,177.79,2197.01,Credit Card,Mobile,14,8,True,8,5
ORD_000101-4,CUST_00101,14/05/2023,18,Female,Izmir,Food,143.09,5,0,715.45,Debit Card,Mobile,15,9,True,2,5
ORD_000101-5,CUST_00101,14/11/2023,18,Female,Izmir,Electronics,309.13,5,0,1545.65,Cash on Delivery,Desktop,11,5,True,5,3
ORD_000102-1,CUST_00102,15/04/2023,29,Male,Kayseri,Sports,979.37,2,0,1958.74,Bank Transfer,Mobile,11,7,True,9,1
ORD_000102-2,CUST_00102,22/06/2023,29,Male,Kayseri,Sports,315.88,2,0,631.76,Credit Card,Mobile,15,15,True,10,1
ORD_000102-3,CUST_00102,23/12/2023,29,Male,Kayseri,Fashion,354.86,2,0,709.72,Debit Card,Mobile,10,8,True,5,5
ORD_000103-1,CUST_00103,10/03/2023,30,Male,Konya,Books,48,3,0,144,Cash on Delivery,Mobile,17,11,True,5,5
ORD_000103-2,CUST_00103,20/06/2023,30,Male,Konya,Toys,201.58,4,109.53,696.79,Credit Card,Mobile,16,13,True,4,5
ORD_000103-3,CUST_00103,25/09/2023,30,Male,Konya,Sports,747.18,4,613.9,2374.82,Debit Card,Desktop,20,9,True,5,5
ORD_000103-4,CUST_00103,26/09/2023,30,Male,Konya,Fashion,94.59,2,0,189.18,Debit Card,Mobile,16,12,True,5,4
ORD_000103-5,CUST_00103,01/12/2023,30,Male,Konya,Toys,228.58,3,133.91,551.83,Credit Card,Mobile,13,11,True,8,4
ORD_000104-1,CUST_00104,01/01/2023,25,Female,Gaziantep,Fashion,382.88,1,0,382.88,Digital Wallet,Desktop,16,8,True,7,4
ORD_000104-2,CUST_00104,08/06/2023,25,Female,Gaziantep,Toys,156.01,1,0,156.01,Credit Card,Desktop,19,11,True,8,4
ORD_000104-3,CUST_00104,28/06/2023,25,Female,Gaziantep,Fashion,259.76,2,0,519.52,Credit Card,Mobile,13,7,True,1,3
ORD_000104-4,CUST_00104,31/10/2023,25,Female,Gaziantep,Books,27.27,3,0,81.81,Debit Card,Mobile,18,7,True,5,4
ORD_000104-5,CUST_00104,18/01/2024,25,Female,Gaziantep,Electronics,1682.47,1,205.92,1476.55,Digital Wallet,Mobile,20,10,True,2,2
ORD_000104-6,CUST_00104,19/02/2024,25,Female,Gaziantep,Fashion,96.61,3,0,289.83,Cash on Delivery,Mobile,18,11,True,4,1
ORD_000105-1,CUST_00105,21/10/2023,33,Male,Ankara,Home & Garden,309.24,5,205.77,1340.43,Debit Card,Desktop,16,6,False,12,4
ORD_000105-2,CUST_00105,09/02/2024,33,Male,Ankara,Food,9.92,5,9.93,39.67,Credit Card,Desktop,14,14,True,4,5
ORD_000106-1,CUST_00106,11/09/2023,39,Male,Bursa,Food,39.54,2,0,79.08,Credit Card,Mobile,15,7,True,8,5
ORD_000106-2,CUST_00106,23/11/2023,39,Male,Bursa,Electronics,3522.64,3,1044.01,9523.91,Digital Wallet,Mobile,14,7,True,5,4
ORD_000106-3,CUST_00106,09/03/2024,39,Male,Bursa,Toys,179.99,2,0,359.98,Debit Card,Desktop,12,8,True,8,2
ORD_000107-1,CUST_00107,15/02/2023,57,Female,Istanbul,Home & Garden,148.09,1,0,148.09,Credit Card,Mobile,10,7,True,12,5
ORD_000107-2,CUST_00107,11/04/2023,57,Female,Istanbul,Food,101.22,5,0,506.1,Cash on Delivery,Desktop,13,6,True,10,4
ORD_000107-3,CUST_00107,19/07/2023,57,Female,Istanbul,Toys,750.38,4,572.6,2428.92,Credit Card,Mobile,16,10,True,5,4
ORD_000108-1,CUST_00108,10/03/2023,37,Male,Izmir,Electronics,2891.5,3,0,8674.5,Bank Transfer,Mobile,13,9,True,1,5
ORD_000108-2,CUST_00108,11/02/2024,37,Male,Izmir,Fashion,155.67,3,30.36,436.65,Debit Card,Desktop,17,9,True,4,4
ORD_000109-1,CUST_00109,17/02/2023,38,Female,Izmir,Home & Garden,526.55,1,0,526.55,Credit Card,Tablet,17,8,True,2,5
ORD_000109-2,CUST_00109,25/05/2023,38,Female,Izmir,Toys,286.85,4,124.49,1022.91,Digital Wallet,Mobile,17,11,True,13,3
ORD_000109-3,CUST_00109,12/06/2023,38,Female,Izmir,Food,24.61,4,0,98.44,Credit Card,Desktop,23,8,True,3,4
ORD_000109-4,CUST_00109,03/10/2023,38,Female,Izmir,Toys,272.34,2,0,544.68,Debit Card,Mobile,13,12,True,10,4
ORD_000109-5,CUST_00109,01/02/2024,38,Female,Izmir,Toys,124.86,4,0,499.44,Digital Wallet,Tablet,14,6,True,6,3
ORD_000109-6,CUST_00109,07/02/2024,38,Female,Izmir,Food,57.45,4,0,229.8,Credit Card,Desktop,18,9,True,7,5
ORD_000110-1,CUST_00110,17/07/2023,34,Female,Gaziantep,Fashion,114.84,2,0,229.68,Digital Wallet,Desktop,10,9,False,2,3
ORD_000110-2,CUST_00110,27/07/2023,34,Female,Gaziantep,Food,111.04,3,0,333.12,Credit Card,Mobile,6,9,True,6,5
ORD_000111-1,CUST_00111,05/01/2023,18,Female,Konya,Beauty,117.23,1,0,117.23,Credit Card,Desktop,13,9,True,7,4
ORD_000111-2,CUST_00111,20/07/2023,18,Female,Konya,Sports,516.82,2,0,1033.64,Credit Card,Desktop,13,8,True,2,5
ORD_000111-3,CUST_00111,01/09/2023,18,Female,Konya,Home & Garden,127.24,3,0,381.72,Credit Card,Mobile,17,7,True,9,5
ORD_000111-4,CUST_00111,14/11/2023,18,Female,Konya,Sports,681.9,5,0,3409.5,Debit Card,Mobile,13,8,True,11,4
ORD_000111-5,CUST_00111,18/12/2023,18,Female,Konya,Beauty,206.57,2,0,413.14,Debit Card,Mobile,17,11,True,9,4
ORD_000112-1,CUST_00112,03/08/2023,34,Female,Izmir,Food,63.61,5,0,318.05,Cash on Delivery,Mobile,17,11,True,5,5
ORD_000112-2,CUST_00112,11/08/2023,34,Female,Izmir,Sports,313.92,5,252.46,1317.14,Debit Card,Desktop,15,6,True,3,4
ORD_000112-3,CUST_00112,17/01/2024,34,Female,Izmir,Sports,1157.85,2,0,2315.7,Bank Transfer,Mobile,15,8,True,15,5
ORD_000112-4,CUST_00112,14/03/2024,34,Female,Izmir,Beauty,65.35,4,0,261.4,Credit Card,Desktop,11,5,True,10,5
ORD_000112-5,CUST_00112,17/03/2024,34,Female,Izmir,Toys,304.87,4,93.62,1125.86,Debit Card,Mobile,12,12,True,9,5
ORD_000113-1,CUST_00113,12/08/2023,35,Male,Istanbul,Electronics,1440.67,4,0,5762.68,Credit Card,Desktop,14,6,False,7,5
ORD_000113-2,CUST_00113,30/12/2023,35,Male,Istanbul,Beauty,285.75,3,0,857.25,Digital Wallet,Mobile,16,7,True,2,5
ORD_000113-3,CUST_00113,20/01/2024,35,Male,Istanbul,Books,17.7,5,0,88.5,Cash on Delivery,Desktop,12,13,True,10,3
ORD_000114-1,CUST_00114,25/06/2023,64,Female,Konya,Beauty,66.23,3,39.12,159.57,Credit Card,Desktop,21,11,False,4,5
ORD_000114-2,CUST_00114,21/12/2023,64,Female,Konya,Beauty,78.81,1,12.08,66.73,Cash on Delivery,Desktop,18,6,True,9,1
ORD_000115-1,CUST_00115,12/02/2023,32,Female,Istanbul,Beauty,101.8,3,0,305.4,Debit Card,Desktop,13,11,False,4,4
ORD_000115-2,CUST_00115,03/05/2023,32,Female,Istanbul,Home & Garden,214.5,4,0,858,Debit Card,Mobile,13,11,True,9,4
ORD_000115-3,CUST_00115,22/07/2023,32,Female,Istanbul,Sports,512.12,4,0,2048.48,Credit Card,Mobile,18,9,True,2,3
ORD_000115-4,CUST_00115,09/01/2024,32,Female,Istanbul,Toys,403.09,5,0,2015.45,Digital Wallet,Mobile,13,8,True,5,5
ORD_000115-5,CUST_00115,29/01/2024,32,Female,Istanbul,Books,65.67,2,0,131.34,Credit Card,Desktop,13,11,True,14,5
ORD_000116-1,CUST_00116,21/04/2023,38,Other,Antalya,Toys,72.18,5,0,360.9,Credit Card,Desktop,14,12,True,7,2
ORD_000116-2,CUST_00116,12/09/2023,38,Other,Antalya,Books,35.69,1,0,35.69,Credit Card,Mobile,22,9,True,19,5
ORD_000117-1,CUST_00117,02/01/2023,34,Male,Istanbul,Fashion,399.26,1,0,399.26,Credit Card,Mobile,11,11,True,3,2
ORD_000117-2,CUST_00117,12/02/2023,34,Male,Istanbul,Sports,319.68,5,0,1598.4,Credit Card,Desktop,18,7,True,6,2
ORD_000118-1,CUST_00118,12/07/2023,20,Male,Ankara,Beauty,123.87,5,0,619.35,Debit Card,Desktop,12,10,False,6,4
ORD_000118-2,CUST_00118,12/09/2023,20,Male,Ankara,Food,159.73,4,0,638.92,Bank Transfer,Desktop,11,9,True,6,5
ORD_000119-1,CUST_00119,01/04/2023,48,Female,Eskisehir,Food,120.82,1,0,120.82,Debit Card,Mobile,17,8,False,13,2
ORD_000119-2,CUST_00119,15/10/2023,48,Female,Eskisehir,Sports,234.02,3,0,702.06,Bank Transfer,Mobile,21,7,True,10,5
ORD_000120-1,CUST_00120,14/12/2023,44,Male,Istanbul,Books,39.91,5,0,199.55,Credit Card,Mobile,20,9,True,5,4
ORD_000120-2,CUST_00120,27/01/2024,44,Male,Istanbul,Fashion,253.99,4,167.18,848.78,Credit Card,Desktop,14,9,True,5,5
ORD_000121-1,CUST_00121,17/07/2023,44,Female,Izmir,Beauty,15.97,5,0,79.85,Credit Card,Desktop,15,7,True,7,3
ORD_000121-2,CUST_00121,22/10/2023,44,Female,Izmir,Toys,239.11,5,0,1195.55,Bank Transfer,Mobile,15,12,True,6,5
ORD_000122-1,CUST_00122,09/01/2023,24,Male,Ankara,Sports,905.04,4,0,3620.16,Cash on Delivery,Desktop,13,8,False,6,4
ORD_000122-2,CUST_00122,06/01/2024,24,Male,Ankara,Electronics,668.42,4,377.04,2296.64,Debit Card,Desktop,11,12,True,3,4
ORD_000123-1,CUST_00123,07/01/2024,51,Male,Konya,Toys,59.55,2,0,119.1,Credit Card,Desktop,14,11,True,13,5
ORD_000124-1,CUST_00124,03/10/2023,18,Male,Konya,Toys,134.45,4,0,537.8,Debit Card,Mobile,12,11,True,11,4
ORD_000124-2,CUST_00124,11/11/2023,18,Male,Konya,Fashion,130.07,5,0,650.35,Credit Card,Desktop,16,8,True,2,4
ORD_000124-3,CUST_00124,21/12/2023,18,Male,Konya,Food,48.76,3,0,146.28,Bank Transfer,Desktop,14,9,True,4,4
ORD_000125-1,CUST_00125,17/02/2023,42,Male,Istanbul,Home & Garden,1728.93,3,901.6,4285.19,Credit Card,Mobile,13,8,True,9,3
ORD_000125-2,CUST_00125,21/03/2023,42,Male,Istanbul,Toys,170.18,5,77.68,773.22,Credit Card,Mobile,12,9,True,11,4
ORD_000125-3,CUST_00125,27/04/2023,42,Male,Istanbul,Food,23.42,4,0,93.68,Debit Card,Desktop,15,8,True,6,4
ORD_000125-4,CUST_00125,13/08/2023,42,Male,Istanbul,Food,68.38,2,0,136.76,Bank Transfer,Mobile,16,13,True,6,4
ORD_000125-5,CUST_00125,30/09/2023,42,Male,Istanbul,Toys,109.01,1,19.76,89.25,Credit Card,Desktop,16,5,True,6,3
ORD_000125-6,CUST_00125,25/03/2024,42,Male,Istanbul,Books,122.35,1,18.14,104.21,Debit Card,Desktop,15,12,True,7,3
ORD_000126-1,CUST_00126,27/01/2023,61,Female,Istanbul,Toys,166.22,4,41.54,623.34,Debit Card,Mobile,14,5,False,6,5
ORD_000126-2,CUST_00126,09/05/2023,61,Female,Istanbul,Electronics,872.37,4,704.61,2784.87,Credit Card,Desktop,19,8,True,3,5
ORD_000126-3,CUST_00126,24/09/2023,61,Female,Istanbul,Electronics,795.99,3,0,2387.97,Credit Card,Tablet,16,12,True,5,3
ORD_000127-1,CUST_00127,10/08/2023,23,Female,Antalya,Electronics,2585.63,3,1157.56,6599.33,Credit Card,Desktop,11,10,True,3,5
ORD_000127-2,CUST_00127,14/09/2023,23,Female,Antalya,Toys,90.83,3,59.09,213.4,Bank Transfer,Mobile,10,12,True,3,5
ORD_000128-1,CUST_00128,20/07/2023,28,Male,Ankara,Home & Garden,213.2,5,0,1066,Debit Card,Desktop,18,9,True,6,4
ORD_000128-2,CUST_00128,22/01/2024,28,Male,Ankara,Fashion,135.23,4,85.92,455,Credit Card,Mobile,12,12,True,8,5
ORD_000128-3,CUST_00128,28/02/2024,28,Male,Ankara,Beauty,93.34,4,0,373.36,Credit Card,Mobile,13,10,True,6,5
ORD_000129-1,CUST_00129,11/05/2023,36,Female,Antalya,Home & Garden,1507.78,3,746.35,3776.99,Debit Card,Mobile,21,6,False,4,5
ORD_000129-2,CUST_00129,26/07/2023,36,Female,Antalya,Toys,108.11,3,38.72,285.61,Cash on Delivery,Mobile,18,9,True,7,4
ORD_000129-3,CUST_00129,12/11/2023,36,Female,Antalya,Beauty,135.97,2,0,271.94,Credit Card,Desktop,15,9,True,6,4
ORD_000129-4,CUST_00129,14/11/2023,36,Female,Antalya,Beauty,90.57,1,0,90.57,Credit Card,Desktop,16,5,True,3,4
ORD_000130-1,CUST_00130,17/01/2023,28,Male,Istanbul,Toys,41.13,2,0,82.26,Debit Card,Mobile,21,6,False,14,4
ORD_000130-2,CUST_00130,16/06/2023,28,Male,Istanbul,Food,63.2,4,30.22,222.58,Debit Card,Desktop,14,9,True,3,5
ORD_000130-3,CUST_00130,15/07/2023,28,Male,Istanbul,Fashion,333.09,2,0,666.18,Credit Card,Desktop,14,9,True,4,5
ORD_000130-4,CUST_00130,20/09/2023,28,Male,Istanbul,Electronics,415.12,1,0,415.12,Cash on Delivery,Mobile,18,5,True,5,2
ORD_000130-5,CUST_00130,25/09/2023,28,Male,Istanbul,Books,29.2,1,0,29.2,Digital Wallet,Mobile,14,9,True,4,4
ORD_000131-1,CUST_00131,17/05/2023,18,Female,Istanbul,Books,23.97,3,3.89,68.02,Cash on Delivery,Mobile,16,10,False,3,5
ORD_000131-2,CUST_00131,18/08/2023,18,Female,Istanbul,Beauty,130.16,1,0,130.16,Digital Wallet,Mobile,17,12,True,7,2
ORD_000131-3,CUST_00131,08/12/2023,18,Female,Istanbul,Toys,481.01,3,306.81,1136.22,Credit Card,Tablet,17,11,True,3,5
ORD_000131-4,CUST_00131,23/02/2024,18,Female,Istanbul,Books,38.55,3,0,115.65,Debit Card,Mobile,14,10,True,9,4
ORD_000132-1,CUST_00132,24/12/2023,35,Male,Antalya,Toys,200.87,2,0,401.74,Credit Card,Mobile,16,11,True,9,4
ORD_000133-1,CUST_00133,02/03/2023,22,Female,Istanbul,Books,28.35,3,0,85.05,Bank Transfer,Mobile,12,9,True,6,4
ORD_000133-2,CUST_00133,13/04/2023,22,Female,Istanbul,Beauty,26.44,2,0,52.88,Credit Card,Mobile,13,9,True,3,2
ORD_000133-3,CUST_00133,07/10/2023,22,Female,Istanbul,Beauty,242.62,1,0,242.62,Debit Card,Mobile,13,12,True,4,4
ORD_000133-4,CUST_00133,20/01/2024,22,Female,Istanbul,Electronics,2803.07,1,0,2803.07,Bank Transfer,Desktop,20,11,True,12,3
ORD_000134-1,CUST_00134,20/03/2023,40,Female,Konya,Food,151.2,1,0,151.2,Credit Card,Mobile,14,10,True,4,3
ORD_000134-2,CUST_00134,17/11/2023,40,Female,Konya,Books,47.72,4,11.61,179.27,Digital Wallet,Mobile,16,7,True,5,3
ORD_000135-1,CUST_00135,01/05/2023,23,Female,Istanbul,Beauty,140.5,4,0,562,Cash on Delivery,Mobile,18,10,True,7,2
ORD_000135-2,CUST_00135,15/06/2023,23,Female,Istanbul,Fashion,137.02,4,0,548.08,Debit Card,Mobile,22,10,True,8,4
ORD_000135-3,CUST_00135,17/09/2023,23,Female,Istanbul,Food,56.86,1,0,56.86,Debit Card,Tablet,16,7,True,1,5
ORD_000135-4,CUST_00135,01/01/2024,23,Female,Istanbul,Books,19.17,2,0,38.34,Debit Card,Desktop,12,8,True,8,4
ORD_000136-1,CUST_00136,23/08/2023,53,Female,Istanbul,Electronics,4088.55,4,0,16354.2,Credit Card,Desktop,9,10,True,7,1
ORD_000136-2,CUST_00136,01/09/2023,53,Female,Istanbul,Sports,651.75,5,630.73,2628.02,Credit Card,Mobile,14,10,True,4,4
ORD_000136-3,CUST_00136,21/10/2023,53,Female,Istanbul,Fashion,410.51,4,0,1642.04,Credit Card,Mobile,11,5,True,2,3
ORD_000136-4,CUST_00136,22/10/2023,53,Female,Istanbul,Home & Garden,653.16,2,0,1306.32,Debit Card,Desktop,10,7,True,12,4
ORD_000136-5,CUST_00136,20/11/2023,53,Female,Istanbul,Home & Garden,948.64,2,0,1897.28,Digital Wallet,Desktop,17,11,True,12,5
ORD_000136-6,CUST_00136,25/02/2024,53,Female,Istanbul,Electronics,1124.48,4,854.57,3643.35,Digital Wallet,Desktop,16,8,True,3,5
ORD_000136-7,CUST_00136,05/03/2024,53,Female,Istanbul,Books,65.03,5,51.55,273.6,Credit Card,Mobile,8,13,True,3,4
ORD_000137-1,CUST_00137,02/01/2023,25,Female,Eskisehir,Books,37.49,2,15.95,59.03,Debit Card,Mobile,15,10,True,4,5
ORD_000137-2,CUST_00137,01/06/2023,25,Female,Eskisehir,Books,88.06,2,11.24,164.88,Credit Card,Desktop,20,6,True,1,5
ORD_000137-3,CUST_00137,09/06/2023,25,Female,Eskisehir,Electronics,1759.5,4,1310.92,5727.08,Credit Card,Mobile,18,7,True,2,3
ORD_000137-4,CUST_00137,29/09/2023,25,Female,Eskisehir,Fashion,129.02,5,132.69,512.41,Digital Wallet,Mobile,12,10,True,5,3
ORD_000137-5,CUST_00137,14/12/2023,25,Female,Eskisehir,Home & Garden,276.83,5,0,1384.15,Credit Card,Mobile,18,11,True,8,4
ORD_000138-1,CUST_00138,03/04/2023,31,Female,Izmir,Electronics,3559.78,1,0,3559.78,Debit Card,Desktop,14,13,True,6,5
ORD_000138-2,CUST_00138,28/05/2023,31,Female,Izmir,Toys,369.63,4,0,1478.52,Credit Card,Mobile,17,12,True,11,3
ORD_000139-1,CUST_00139,13/06/2023,44,Female,Adana,Home & Garden,271.49,5,0,1357.45,Debit Card,Desktop,14,6,True,2,4
ORD_000139-2,CUST_00139,19/06/2023,44,Female,Adana,Food,75.8,5,47.19,331.81,Digital Wallet,Mobile,15,10,True,3,5
ORD_000139-3,CUST_00139,13/03/2024,44,Female,Adana,Toys,181.44,4,0,725.76,Bank Transfer,Desktop,9,10,True,4,5
ORD_000140-1,CUST_00140,31/01/2023,20,Female,Istanbul,Beauty,95.32,1,0,95.32,Credit Card,Mobile,16,7,True,8,5
ORD_000140-2,CUST_00140,07/03/2023,20,Female,Istanbul,Beauty,32.34,1,5.44,26.9,Digital Wallet,Desktop,12,13,True,4,4
ORD_000140-3,CUST_00140,13/04/2023,20,Female,Istanbul,Sports,386.72,1,48.66,338.06,Debit Card,Mobile,12,8,True,6,4
ORD_000140-4,CUST_00140,25/06/2023,20,Female,Istanbul,Electronics,831.86,4,0,3327.44,Debit Card,Mobile,16,14,True,12,4
ORD_000140-5,CUST_00140,10/01/2024,20,Female,Istanbul,Beauty,169.91,2,0,339.82,Debit Card,Tablet,15,5,True,7,2
ORD_000141-1,CUST_00141,12/02/2023,37,Female,Bursa,Food,95.39,5,45.67,431.28,Credit Card,Mobile,15,13,False,1,3
ORD_000141-2,CUST_00141,02/03/2023,37,Female,Bursa,Books,28.21,5,0,141.05,Debit Card,Desktop,22,8,True,3,4
ORD_000141-3,CUST_00141,24/02/2024,37,Female,Bursa,Books,60.22,2,0,120.44,Debit Card,Desktop,17,3,True,7,4
ORD_000142-1,CUST_00142,13/02/2023,50,Male,Adana,Beauty,111.19,1,0,111.19,Bank Transfer,Mobile,15,6,False,10,4
ORD_000142-2,CUST_00142,23/03/2023,50,Male,Adana,Books,46.01,5,0,230.05,Bank Transfer,Mobile,12,8,True,10,5
ORD_000142-3,CUST_00142,27/04/2023,50,Male,Adana,Home & Garden,632.73,4,0,2530.92,Credit Card,Mobile,12,10,True,3,5
ORD_000142-4,CUST_00142,22/06/2023,50,Male,Adana,Electronics,473.32,1,0,473.32,Debit Card,Mobile,15,11,True,4,3
ORD_000142-5,CUST_00142,04/09/2023,50,Male,Adana,Beauty,28.95,1,0,28.95,Digital Wallet,Desktop,17,11,True,5,5
ORD_000142-6,CUST_00142,14/12/2023,50,Male,Adana,Fashion,364.81,3,0,1094.43,Credit Card,Tablet,19,7,True,7,4
ORD_000143-1,CUST_00143,11/02/2023,18,Female,Ankara,Beauty,77.25,2,0,154.5,Credit Card,Tablet,12,10,True,20,4
ORD_000143-2,CUST_00143,27/03/2023,18,Female,Ankara,Toys,81.76,3,38.98,206.3,Debit Card,Desktop,12,8,True,6,5
ORD_000143-3,CUST_00143,08/05/2023,18,Female,Ankara,Electronics,1883.69,2,799.38,2968,Credit Card,Desktop,20,10,True,2,3
ORD_000143-4,CUST_00143,09/10/2023,18,Female,Ankara,Electronics,2977.27,1,0,2977.27,Debit Card,Mobile,21,11,True,15,4
ORD_000144-1,CUST_00144,16/03/2023,37,Male,Gaziantep,Electronics,1861.73,2,0,3723.46,Bank Transfer,Mobile,15,9,True,4,4
ORD_000144-2,CUST_00144,04/12/2023,37,Male,Gaziantep,Electronics,2075.3,1,0,2075.3,Cash on Delivery,Tablet,14,10,True,8,5
ORD_000145-1,CUST_00145,15/03/2023,38,Female,Bursa,Toys,82.3,5,0,411.5,Credit Card,Mobile,16,14,True,6,4
ORD_000145-2,CUST_00145,14/05/2023,38,Female,Bursa,Sports,660.49,2,0,1320.98,Credit Card,Mobile,16,6,True,11,4
ORD_000145-3,CUST_00145,17/08/2023,38,Female,Bursa,Fashion,126.94,5,0,634.7,Credit Card,Desktop,13,10,True,15,5
ORD_000145-4,CUST_00145,08/12/2023,38,Female,Bursa,Home & Garden,613.42,3,226.94,1613.32,Digital Wallet,Desktop,8,8,True,3,4
ORD_000145-5,CUST_00145,13/03/2024,38,Female,Bursa,Sports,277.5,1,56.12,221.38,Debit Card,Tablet,8,10,True,6,2
ORD_000145-6,CUST_00145,16/03/2024,38,Female,Bursa,Books,19.97,2,2.82,37.12,Debit Card,Desktop,21,10,True,15,4
ORD_000146-1,CUST_00146,25/08/2023,44,Female,Ankara,Fashion,321.39,2,0,642.78,Cash on Delivery,Mobile,17,13,True,6,5
ORD_000146-2,CUST_00146,11/10/2023,44,Female,Ankara,Electronics,2069.33,2,0,4138.66,Credit Card,Mobile,16,5,True,5,5
ORD_000146-3,CUST_00146,27/10/2023,44,Female,Ankara,Food,139.24,1,0,139.24,Cash on Delivery,Desktop,15,6,True,5,3
ORD_000147-1,CUST_00147,30/06/2023,20,Female,Bursa,Sports,472.54,5,289.79,2072.91,Credit Card,Mobile,16,10,False,3,5
ORD_000147-2,CUST_00147,17/01/2024,20,Female,Bursa,Fashion,342.66,1,0,342.66,Debit Card,Mobile,17,5,True,7,5
ORD_000147-3,CUST_00147,05/02/2024,20,Female,Bursa,Food,55.96,4,26.04,197.8,Credit Card,Mobile,11,8,True,6,5
ORD_000148-1,CUST_00148,18/04/2023,19,Male,Bursa,Sports,652.94,5,0,3264.7,Credit Card,Mobile,15,9,True,5,5
ORD_000148-2,CUST_00148,24/05/2023,19,Male,Bursa,Sports,413.81,3,0,1241.43,Cash on Delivery,Desktop,13,9,True,8,1
ORD_000148-3,CUST_00148,16/02/2024,19,Male,Bursa,Toys,91.53,2,0,183.06,Bank Transfer,Mobile,14,11,True,6,4
ORD_000149-1,CUST_00149,11/06/2023,41,Male,Istanbul,Sports,152.67,4,111.9,498.78,Credit Card,Desktop,15,5,True,10,4
ORD_000149-2,CUST_00149,05/03/2024,41,Male,Istanbul,Home & Garden,1234.12,4,456.96,4479.52,Digital Wallet,Desktop,14,8,True,8,4
ORD_000150-1,CUST_00150,20/05/2023,38,Female,Izmir,Food,131.29,3,0,393.87,Cash on Delivery,Desktop,18,8,True,4,5
ORD_000150-2,CUST_00150,24/03/2024,38,Female,Izmir,Electronics,1156.76,2,479.78,1833.74,Credit Card,Desktop,13,13,True,10,4
ORD_000151-1,CUST_00151,14/06/2023,38,Female,Ankara,Food,90.74,1,0,90.74,Digital Wallet,Mobile,16,10,False,7,5
ORD_000151-2,CUST_00151,11/01/2024,38,Female,Ankara,Electronics,2310.5,5,0,11552.5,Credit Card,Desktop,15,9,True,6,5
ORD_000151-3,CUST_00151,26/01/2024,38,Female,Ankara,Toys,416.83,2,79.8,753.86,Debit Card,Desktop,19,7,True,7,3
ORD_000152-1,CUST_00152,20/01/2023,39,Male,Izmir,Toys,105.33,1,0,105.33,Digital Wallet,Desktop,11,8,False,5,5
ORD_000152-2,CUST_00152,30/06/2023,39,Male,Izmir,Books,70.34,5,37.89,313.81,Cash on Delivery,Desktop,15,7,True,8,4
ORD_000152-3,CUST_00152,26/09/2023,39,Male,Izmir,Books,50.52,5,0,252.6,Credit Card,Mobile,10,8,True,5,3
ORD_000152-4,CUST_00152,02/10/2023,39,Male,Izmir,Food,58.98,4,0,235.92,Debit Card,Desktop,11,12,True,10,2
ORD_000152-5,CUST_00152,11/12/2023,39,Male,Izmir,Toys,150.03,3,0,450.09,Debit Card,Mobile,10,9,True,6,3
ORD_000152-6,CUST_00152,02/01/2024,39,Male,Izmir,Electronics,1500.62,2,490.9,2510.34,Credit Card,Mobile,16,10,True,3,4
ORD_000152-7,CUST_00152,23/01/2024,39,Male,Izmir,Food,106.86,1,18.97,87.89,Debit Card,Desktop,16,9,True,5,5
ORD_000153-1,CUST_00153,03/01/2023,26,Male,Adana,Fashion,312.88,4,0,1251.52,Credit Card,Desktop,12,7,False,10,3
ORD_000153-2,CUST_00153,30/04/2023,26,Male,Adana,Fashion,225.01,2,0,450.02,Credit Card,Mobile,21,6,True,3,2
ORD_000153-3,CUST_00153,02/01/2024,26,Male,Adana,Food,91.53,2,30.99,152.07,Digital Wallet,Desktop,15,9,True,4,2
ORD_000153-4,CUST_00153,23/02/2024,26,Male,Adana,Sports,606.86,3,0,1820.58,Digital Wallet,Mobile,17,9,True,4,4
ORD_000153-5,CUST_00153,20/03/2024,26,Male,Adana,Toys,103.96,5,0,519.8,Credit Card,Desktop,19,8,True,4,4
ORD_000154-1,CUST_00154,04/01/2023,37,Female,Izmir,Electronics,1631.16,3,452.49,4440.99,Credit Card,Desktop,18,10,True,15,3
ORD_000154-2,CUST_00154,22/01/2023,37,Female,Izmir,Electronics,651.63,2,250.8,1052.46,Bank Transfer,Desktop,14,10,True,2,4
ORD_000154-3,CUST_00154,12/04/2023,37,Female,Izmir,Home & Garden,1825.52,3,0,5476.56,Bank Transfer,Desktop,13,7,True,11,4
ORD_000154-4,CUST_00154,19/05/2023,37,Female,Izmir,Fashion,368.72,1,71.23,297.49,Credit Card,Mobile,21,13,True,7,3
ORD_000154-5,CUST_00154,04/08/2023,37,Female,Izmir,Books,20.73,3,0,62.19,Digital Wallet,Mobile,12,4,True,3,4
ORD_000154-6,CUST_00154,15/10/2023,37,Female,Izmir,Electronics,1981.17,5,1289.04,8616.81,Credit Card,Desktop,6,8,True,10,4
ORD_000154-7,CUST_00154,12/12/2023,37,Female,Izmir,Electronics,5677.63,4,1848.1,20862.42,Bank Transfer,Mobile,13,8,True,5,5
ORD_000154-8,CUST_00154,06/02/2024,37,Female,Izmir,Fashion,484.53,1,0,484.53,Bank Transfer,Mobile,15,9,True,11,2
ORD_000154-9,CUST_00154,14/02/2024,37,Female,Izmir,Food,56.34,5,47.84,233.86,Digital Wallet,Mobile,17,7,True,5,5
ORD_000154-10,CUST_00154,24/02/2024,37,Female,Izmir,Food,43.26,2,0,86.52,Debit Card,Mobile,17,12,True,11,4